City_ID,City,Lat,Lng,Max Temp,Humidity,Cloudiness,Wind Speed,Description,Country,Date
0,Yellowknife,62.456,-114.3525,59.56,58,40,4.61,scattered clouds,CA,2022-06-20 13:57:35
1,Souillac,-20.5167,57.5167,70.18,88,75,14.97,light rain,MU,2022-06-20 14:01:40
2,Ushuaia,-54.8,-68.3,27.73,95,100,5.32,light snow,AR,2022-06-20 14:01:42
3,Mataura,-46.1927,168.8643,33.48,98,21,2.42,few clouds,NZ,2022-06-20 14:01:50
4,Wynyard,-41.0,145.7167,53.98,92,100,14.43,moderate rain,AU,2022-06-20 13:57:19
5,Praya,14.9215,-23.5087,81.14,78,20,13.8,few clouds,CV,2022-06-20 13:58:59
6,Cape Town,-33.9258,18.4232,69.12,53,0,11.99,clear sky,ZA,2022-06-20 13:58:12
7,Ugoofaaru,5.6667,73.0,82.81,76,100,15.61,overcast clouds,MV,2022-06-20 14:02:00
8,Painesville,41.7245,-81.2457,66.97,77,100,0.0,overcast clouds,US,2022-06-20 13:59:52
9,Jamestown,42.097,-79.2353,64.02,62,100,1.99,overcast clouds,US,2022-06-20 13:57:15
10,Bredasdorp,-34.5322,20.0403,59.77,71,13,16.73,few clouds,ZA,2022-06-20 14:00:55
11,Samana,19.2056,-69.3369,82.62,78,20,0.0,few clouds,DO,2022-06-20 14:02:17
12,Hermanus,-34.4187,19.2345,62.8,61,1,17.18,clear sky,ZA,2022-06-20 14:02:25
13,Tarakan,3.3,117.6333,82.72,71,13,7.2,few clouds,ID,2022-06-20 14:02:25
14,Ribeira Grande,38.5167,-28.7,70.2,64,20,13.8,few clouds,PT,2022-06-20 14:02:27
15,Tiksi,71.6872,128.8694,36.39,62,98,3.47,overcast clouds,RU,2022-06-20 14:02:28
16,Omboue,-1.5746,9.2618,78.57,67,66,13.24,broken clouds,GA,2022-06-20 14:02:29
17,Grindavik,63.8424,-22.4338,52.27,82,75,11.5,broken clouds,IS,2022-06-20 14:02:30
18,Tuktoyaktuk,69.4541,-133.0374,33.58,86,79,7.09,broken clouds,CA,2022-06-20 14:02:31
19,Avarua,-21.2078,-159.775,77.05,83,75,9.22,broken clouds,CK,2022-06-20 14:02:31
20,Castro,-24.7911,-50.0119,62.92,70,37,3.53,scattered clouds,BR,2022-06-20 14:02:32
21,The Valley,18.217,-63.0578,85.1,76,12,15.93,few clouds,AI,2022-06-20 14:02:33
22,Atuona,-9.8,-139.0333,77.61,82,43,25.21,light rain,PF,2022-06-20 14:02:33
23,Punta Arenas,-53.15,-70.9167,33.12,74,2,20.45,clear sky,CL,2022-06-20 14:02:34
24,Albany,42.6001,-73.9662,67.78,54,63,9.46,broken clouds,US,2022-06-20 14:02:34
25,Rikitea,-23.1203,-134.9692,69.75,60,1,16.73,clear sky,PF,2022-06-20 13:59:18
26,Nikolskoye,59.7035,30.7861,60.69,65,96,4.61,overcast clouds,RU,2022-06-20 14:02:36
27,Rong Kwang,18.339,100.3174,79.21,79,49,3.53,scattered clouds,TH,2022-06-20 14:02:36
28,Hobart,-42.8794,147.3294,55.26,76,100,9.22,light rain,AU,2022-06-20 14:02:37
29,Mar Del Plata,-38.0023,-57.5575,45.95,84,75,5.75,mist,AR,2022-06-20 14:02:37
30,Kapaa,22.0752,-159.319,73.11,88,48,11.65,scattered clouds,US,2022-06-20 14:02:38
31,Hirara,24.8,125.2833,82.17,86,97,16.64,overcast clouds,JP,2022-06-20 14:02:38
32,Hilo,19.7297,-155.09,72.25,89,100,5.75,light rain,US,2022-06-20 14:02:39
33,Sabang,5.8933,95.3214,83.46,73,100,8.05,light rain,ID,2022-06-20 14:02:40
34,Mundo Nuevo,18.7,-95.5,81.34,73,96,9.86,overcast clouds,MX,2022-06-20 14:02:41
35,Comodoro Rivadavia,-45.8667,-67.5,41.02,55,36,13.13,scattered clouds,AR,2022-06-20 14:02:42
36,Haines Junction,60.7522,-137.5108,46.27,71,92,2.06,overcast clouds,CA,2022-06-20 14:02:42
37,Kuching,1.55,110.3333,77.22,88,20,2.3,light rain,MY,2022-06-20 14:02:43
38,Butaritari,3.0707,172.7902,82.69,74,94,14.81,overcast clouds,KI,2022-06-20 14:02:44
39,Hasaki,35.7333,140.8333,72.28,93,100,9.22,overcast clouds,JP,2022-06-20 14:02:44
40,Morgan City,29.6994,-91.2068,88.0,60,0,5.17,clear sky,US,2022-06-20 14:02:45
41,Port Alfred,-33.5906,26.891,62.19,82,98,4.0,overcast clouds,ZA,2022-06-20 13:58:22
42,Ponta Delgada,37.7333,-25.6667,66.92,68,20,17.27,few clouds,PT,2022-06-20 14:02:45
43,Saskylakh,71.9167,114.0833,54.77,41,100,4.05,overcast clouds,RU,2022-06-20 14:02:46
44,Tukrah,32.5341,20.5791,80.69,49,0,15.64,clear sky,LY,2022-06-20 14:02:46
45,Katsuura,35.1333,140.3,72.86,92,100,18.59,overcast clouds,JP,2022-06-20 14:02:47
46,Carnarvon,-24.8667,113.6333,69.58,59,0,12.75,clear sky,AU,2022-06-20 14:02:48
47,Busselton,-33.65,115.3333,60.62,76,96,7.81,overcast clouds,AU,2022-06-20 14:02:48
48,Songjianghe,42.1859,127.479,62.49,81,50,5.23,scattered clouds,CN,2022-06-20 14:02:59
49,Whitehorse,60.7161,-135.0538,48.97,60,75,6.91,broken clouds,CA,2022-06-20 13:58:55
50,Santa Cruz De La Palma,28.6835,-17.7642,76.14,69,75,16.11,broken clouds,ES,2022-06-20 14:03:00
51,Killybegs,54.6333,-8.45,58.71,66,18,9.66,few clouds,IE,2022-06-20 14:03:00
52,Yulara,-25.2406,130.9889,59.7,54,0,10.07,clear sky,AU,2022-06-20 14:03:01
53,Saint-Philippe,-21.3585,55.7679,67.59,78,90,15.64,light rain,RE,2022-06-20 14:03:01
54,Lebu,-37.6167,-73.65,49.96,92,100,7.58,overcast clouds,CL,2022-06-20 14:03:02
55,Trairi,-3.2778,-39.2689,83.46,63,95,11.07,overcast clouds,BR,2022-06-20 14:02:33
56,Srednekolymsk,67.45,153.6833,43.29,65,100,18.07,overcast clouds,RU,2022-06-20 14:03:04
57,Kiunga,-6.1219,141.2906,71.91,99,100,2.35,overcast clouds,PG,2022-06-20 14:03:05
58,Severo-Kurilsk,50.6789,156.125,46.89,97,100,3.56,overcast clouds,RU,2022-06-20 14:03:06
59,Ratzeburg,53.7,10.7667,67.48,65,20,10.36,few clouds,DE,2022-06-20 14:03:06
60,Miandoab,36.9694,46.1027,95.4,12,0,12.12,clear sky,IR,2022-06-20 14:03:07
61,Valparaiso,-33.0393,-71.6273,52.48,86,100,4.61,mist,CL,2022-06-20 14:03:08
62,Ziarat,30.3823,67.7282,72.81,15,0,11.9,clear sky,PK,2022-06-20 14:03:09
63,Sisimiut,66.9395,-53.6735,40.08,78,100,1.99,overcast clouds,GL,2022-06-20 14:03:11
64,Hithadhoo,-0.6,73.0833,83.89,71,62,11.63,broken clouds,MV,2022-06-20 14:03:13
65,Strezhevoy,60.7333,77.5889,74.25,54,74,11.1,broken clouds,RU,2022-06-20 14:03:13
66,Ancud,-41.8697,-73.8203,40.23,85,88,8.46,overcast clouds,CL,2022-06-20 14:03:15
67,Provideniya,64.3833,-173.3,43.86,97,100,10.49,light rain,RU,2022-06-20 14:03:16
68,Vostok,46.4856,135.8833,53.13,92,97,3.91,overcast clouds,RU,2022-06-20 14:03:17
69,Muisne,0.6,-80.0333,74.52,88,100,9.33,light rain,EC,2022-06-20 14:03:18
70,Batemans Bay,-35.7167,150.1833,55.09,87,79,5.32,broken clouds,AU,2022-06-20 14:02:30
71,Mahebourg,-20.4081,57.7,70.09,88,75,14.97,broken clouds,MU,2022-06-20 14:03:19
72,Geraldton,-28.7667,114.6,55.81,88,0,5.75,clear sky,AU,2022-06-20 14:03:19
73,Naliya,23.2667,68.8333,86.09,70,0,19.86,clear sky,IN,2022-06-20 14:03:20
74,Roebourne,-20.7833,117.1333,73.81,41,0,10.8,clear sky,AU,2022-06-20 14:03:21
75,Lahij,13.1667,44.5833,105.44,17,69,4.27,broken clouds,YE,2022-06-20 14:03:22
76,Norman Wells,65.282,-126.8329,58.75,89,96,8.99,overcast clouds,CA,2022-06-20 14:03:23
77,Chuy,-33.6971,-53.4616,53.82,46,1,0.81,clear sky,UY,2022-06-20 14:03:23
78,Hamilton,39.1834,-84.5333,72.84,63,91,1.01,overcast clouds,US,2022-06-20 14:00:01
79,Tasiilaq,65.6145,-37.6368,42.17,64,97,0.49,overcast clouds,GL,2022-06-20 14:03:24
80,Chokurdakh,70.6333,147.9167,34.83,68,100,16.67,overcast clouds,RU,2022-06-20 14:03:25
81,Puerto Ayora,-0.7393,-90.3518,73.36,99,91,4.0,overcast clouds,EC,2022-06-20 14:03:26
82,Bonavista,48.6499,-53.1147,51.66,93,100,21.32,overcast clouds,CA,2022-06-20 14:03:26
83,Ketchikan,55.3422,-131.6461,54.07,94,100,6.91,mist,US,2022-06-20 14:03:27
84,Cidreira,-30.1811,-50.2056,58.42,63,0,1.14,clear sky,BR,2022-06-20 13:59:33
85,Maceio,-9.6658,-35.7353,80.04,73,75,11.5,broken clouds,BR,2022-06-20 14:03:28
86,Qaanaaq,77.484,-69.3632,38.57,68,100,3.83,overcast clouds,GL,2022-06-20 14:03:29
87,Mangotsfield,51.4878,-2.504,71.1,51,65,9.22,broken clouds,GB,2022-06-20 14:03:29
88,Acarau,-2.8856,-40.12,83.98,61,48,13.27,scattered clouds,BR,2022-06-20 14:03:30
89,Torbay,47.6666,-52.7314,64.27,90,100,26.46,light intensity shower rain,CA,2022-06-20 14:03:22
90,Vestmannaeyjar,63.4427,-20.2734,52.79,87,75,13.8,mist,IS,2022-06-20 14:03:31
91,Broome,42.2506,-75.833,65.7,58,0,4.61,clear sky,US,2022-06-20 14:03:42
92,Sampit,-2.5333,112.95,74.93,99,100,2.64,light rain,ID,2022-06-20 14:03:43
93,Panalingaan,8.7842,117.4231,78.85,84,93,2.59,overcast clouds,PH,2022-06-20 14:03:43
94,Karratha,-20.7377,116.8463,74.05,40,0,10.69,clear sky,AU,2022-06-20 14:03:44
95,Egvekinot,66.3167,-179.1667,35.15,99,100,5.91,snow,RU,2022-06-20 14:03:45
96,Naze,28.3667,129.4833,75.45,92,100,11.88,overcast clouds,JP,2022-06-20 14:03:45
97,Half Moon Bay,37.4636,-122.4286,60.33,85,100,0.0,mist,US,2022-06-20 14:03:46
98,Kemijarvi,66.7131,27.4306,56.44,51,86,4.5,overcast clouds,FI,2022-06-20 14:03:46
99,Marsh Harbour,26.5412,-77.0636,82.47,68,1,9.19,clear sky,BS,2022-06-20 14:03:47
100,Kenai,60.5544,-151.2583,46.02,95,0,5.75,clear sky,US,2022-06-20 14:03:48
101,Muscle Shoals,34.7448,-87.6675,78.46,61,0,6.91,clear sky,US,2022-06-20 14:03:48
102,Port Macquarie,-31.4333,152.9167,50.9,84,7,6.06,clear sky,AU,2022-06-20 14:03:49
103,Khatanga,71.9667,102.5,55.56,52,100,2.59,overcast clouds,RU,2022-06-20 14:03:49
104,Sawang Daen Din,17.4753,103.4575,84.18,99,94,5.39,overcast clouds,TH,2022-06-20 14:03:50
105,Amapa,1.0,-52.0,79.63,81,51,4.16,broken clouds,BR,2022-06-20 14:03:50
106,Bluff,-46.6,168.3333,33.8,86,74,5.06,broken clouds,NZ,2022-06-20 14:03:51
107,Gewane,10.1664,40.6453,103.03,15,33,8.99,scattered clouds,ET,2022-06-20 14:03:52
108,Kimbe,-5.5502,150.1429,74.93,93,89,3.74,light rain,PG,2022-06-20 14:03:52
109,Kualakapuas,-3.0091,114.3876,75.15,96,90,2.86,moderate rain,ID,2022-06-20 14:03:53
110,Asau,46.4333,26.4,81.52,40,15,5.93,few clouds,RO,2022-06-20 14:03:53
111,Wasilla,61.5814,-149.4394,51.78,76,100,4.61,light rain,US,2022-06-20 14:03:54
112,Fortuna,40.5982,-124.1573,55.92,90,100,0.0,overcast clouds,US,2022-06-20 14:03:55
113,Sakakah,29.9697,40.2064,110.3,7,0,7.54,clear sky,SA,2022-06-20 14:03:56
114,Kalmunai,7.4167,81.8167,84.13,73,97,2.91,overcast clouds,LK,2022-06-20 14:03:58
115,Ponta Do Sol,32.6667,-17.1,74.03,72,91,6.42,overcast clouds,PT,2022-06-20 14:03:58
116,Petropavlovsk-Kamchatskiy,53.0452,158.6483,47.89,95,94,2.48,light rain,RU,2022-06-20 14:03:59
117,Riohacha,11.5444,-72.9072,84.76,64,74,14.56,broken clouds,CO,2022-06-20 14:04:00
118,Pisco,-13.7,-76.2167,59.05,88,20,5.75,mist,PE,2022-06-20 14:04:00
119,Oparino,59.8518,48.2783,52.88,96,100,10.22,moderate rain,RU,2022-06-20 14:04:01
120,Vaini,-21.2,-175.2,77.16,94,75,107.02,broken clouds,TO,2022-06-20 14:04:02
121,Korla,41.7597,86.1469,78.73,28,96,10.47,overcast clouds,CN,2022-06-20 14:04:02
122,Anadyr,64.75,177.4833,48.0,81,100,11.01,overcast clouds,RU,2022-06-20 14:04:03
123,Saldanha,-33.0117,17.9442,63.52,55,82,10.25,broken clouds,ZA,2022-06-20 14:04:04
124,Ginir,7.1333,40.7,71.37,51,61,13.78,broken clouds,ET,2022-06-20 14:04:05
125,Riyadh,24.6877,46.7219,113.14,4,6,10.6,clear sky,SA,2022-06-20 14:04:05
126,Nelson Bay,-32.7167,152.15,52.0,96,7,2.28,clear sky,AU,2022-06-20 14:04:05
127,Barrow,71.2906,-156.7887,44.62,81,0,11.5,clear sky,US,2022-06-20 14:04:09
128,Agirish,61.9247,63.0231,71.55,43,68,3.22,broken clouds,RU,2022-06-20 14:04:10
129,Qasigiannguit,68.8193,-51.1922,34.05,73,100,4.12,overcast clouds,GL,2022-06-20 14:04:11
130,Dikson,73.5069,80.5464,36.39,95,100,9.69,light rain,RU,2022-06-20 14:04:11
131,Bosaso,11.2842,49.1816,94.55,44,71,3.42,broken clouds,SO,2022-06-20 14:04:12
132,Kommunar,59.6206,30.39,60.33,64,89,6.02,overcast clouds,RU,2022-06-20 14:04:13
133,Silver City,32.7701,-108.2803,68.68,60,0,3.44,clear sky,US,2022-06-20 14:04:14
134,East London,-33.0153,27.9116,65.52,70,99,13.15,overcast clouds,ZA,2022-06-20 14:04:15
135,Cherskiy,68.75,161.3,43.25,77,97,14.36,overcast clouds,RU,2022-06-20 14:04:17
136,Sitka,57.0531,-135.33,51.69,87,100,0.0,overcast clouds,US,2022-06-20 14:04:27
137,Boyolangu,-8.1181,111.8935,76.17,89,98,4.68,light rain,ID,2022-06-20 14:04:28
138,Kieta,-6.2167,155.6333,77.99,85,17,4.52,light rain,PG,2022-06-20 14:04:28
139,Cap-Aux-Meules,47.3821,-61.8597,57.25,88,100,9.22,overcast clouds,CA,2022-06-20 14:00:03
140,Kautokeino,69.0125,23.0412,55.81,52,100,9.66,overcast clouds,NO,2022-06-20 14:04:29
141,Kavaratti,10.5669,72.642,82.33,79,100,17.67,overcast clouds,IN,2022-06-20 14:04:30
142,Ilulissat,69.2167,-51.1,33.82,93,100,4.61,fog,GL,2022-06-20 14:04:31
143,Porto Velho,-8.7619,-63.9039,75.25,88,75,3.44,broken clouds,BR,2022-06-20 14:04:31
144,New Norfolk,-42.7826,147.0587,54.91,78,100,3.0,light rain,AU,2022-06-20 14:04:32
145,Dubrovka,53.6907,33.5071,64.08,91,92,9.13,overcast clouds,RU,2022-06-20 14:04:32
146,Sibu,2.3,111.8167,74.44,98,100,1.12,overcast clouds,MY,2022-06-20 14:04:33
147,Taksimo,56.3444,114.8794,59.41,83,100,1.05,overcast clouds,RU,2022-06-20 14:04:35
148,Batagay-Alyta,67.8006,130.4114,40.3,62,46,6.51,scattered clouds,RU,2022-06-20 14:04:36
149,Pankrushikha,53.8319,80.3406,68.52,71,36,5.59,scattered clouds,RU,2022-06-20 14:04:37
150,Olafsvik,64.8945,-23.7142,49.46,77,78,10.96,broken clouds,IS,2022-06-20 14:04:37
151,Talaya,61.3833,152.75,51.33,91,98,4.68,light rain,RU,2022-06-20 14:04:38
152,Rawson,-43.3002,-65.1023,42.37,51,0,12.08,clear sky,AR,2022-06-20 14:04:39
153,Waingapu,-9.6567,120.2641,76.35,68,78,9.78,broken clouds,ID,2022-06-20 14:04:40
154,Vilyuysk,63.7553,121.6247,51.46,49,100,10.56,overcast clouds,RU,2022-06-20 14:04:40
155,Koulamoutou,-1.1303,12.4736,82.78,63,93,2.57,overcast clouds,GA,2022-06-20 14:04:41
156,Bengkulu,-3.8004,102.2655,77.11,89,100,3.22,overcast clouds,ID,2022-06-20 14:04:41
157,Sao Filipe,14.8961,-24.4956,73.13,95,100,9.53,moderate rain,CV,2022-06-20 14:04:42
158,Naifaru,5.4444,73.3657,82.63,76,100,16.31,overcast clouds,MV,2022-06-20 14:04:43
159,Otane,-39.8833,176.6333,43.54,86,100,6.33,overcast clouds,NZ,2022-06-20 14:04:43
160,Rocha,-34.4833,-54.3333,53.87,63,7,3.74,clear sky,UY,2022-06-20 14:04:44
161,Edson,53.5835,-116.4356,54.36,72,16,5.73,few clouds,CA,2022-06-20 14:04:45
162,Clyde River,70.4692,-68.5914,32.92,91,36,4.25,scattered clouds,CA,2022-06-20 14:04:45
163,Cabra,37.4725,-4.4421,84.85,27,36,14.97,scattered clouds,ES,2022-06-20 14:04:46
164,Sao Joao Da Barra,-21.6403,-41.0511,75.29,73,98,5.91,overcast clouds,BR,2022-06-20 14:04:47
165,San Patricio,28.017,-97.5169,85.87,65,9,7.23,clear sky,US,2022-06-20 14:04:47
166,Severnyy-Kospashskiy,59.0925,57.8008,56.61,97,100,12.68,moderate rain,RU,2022-06-20 14:04:48
167,Bathsheba,13.2167,-59.5167,86.61,66,75,21.85,broken clouds,BB,2022-06-20 14:04:48
168,Bethel,41.3712,-73.414,70.52,56,0,8.05,clear sky,US,2022-06-20 14:04:49
169,Inuvik,68.3499,-133.7218,42.93,63,96,6.35,overcast clouds,CA,2022-06-20 14:04:49
170,Yeppoon,-23.1333,150.7333,60.58,83,97,11.43,overcast clouds,AU,2022-06-20 14:04:51
171,Coffs Harbour,-30.3,153.1333,52.12,87,13,0.0,few clouds,AU,2022-06-20 14:04:51
172,Kavieng,-2.5744,150.7967,81.03,76,63,4.0,broken clouds,PG,2022-06-20 14:04:52
173,Tazovskiy,67.4667,78.7,71.24,41,96,7.56,overcast clouds,RU,2022-06-20 14:04:53
174,San Cristobal,7.7669,-72.225,73.58,70,100,5.37,overcast clouds,VE,2022-06-20 14:04:53
175,Saint-Pierre,-21.3393,55.4781,71.91,88,75,16.11,light rain,RE,2022-06-20 14:04:55
176,Baghdad,33.3406,44.4009,116.04,7,0,19.64,clear sky,IQ,2022-06-20 14:04:56
177,Arrecife,28.963,-13.5477,78.78,53,75,17.27,broken clouds,ES,2022-06-20 14:04:56
178,Halifax,44.6453,-63.5724,57.22,91,100,5.75,overcast clouds,CA,2022-06-20 13:53:46
179,Beyneu,45.3167,55.2,90.34,20,65,19.04,broken clouds,KZ,2022-06-20 14:04:57
180,Novyy Urengoy,66.0833,76.6333,79.65,32,85,9.73,overcast clouds,RU,2022-06-20 14:04:58
181,Portland,45.5234,-122.6762,56.08,83,100,8.05,overcast clouds,US,2022-06-20 13:56:52
182,Aklavik,68.2191,-135.0107,41.95,66,100,7.05,overcast clouds,CA,2022-06-20 14:04:59
183,Myitkyina,25.3833,97.4,75.13,97,18,0.74,few clouds,MM,2022-06-20 14:05:09
184,Pokhara,28.2333,83.9833,71.56,85,55,3.4,broken clouds,NP,2022-06-20 14:04:29
185,Krasnogorsk,55.8225,37.3181,68.25,49,40,11.18,scattered clouds,RU,2022-06-20 14:05:10
186,Bilibino,68.0546,166.4372,52.12,82,100,6.8,light rain,RU,2022-06-20 14:05:11
187,Pevek,69.7008,170.3133,44.35,77,98,17.27,overcast clouds,RU,2022-06-20 14:05:11
188,Bandarbeyla,9.4942,50.8122,81.34,67,62,30.87,broken clouds,SO,2022-06-20 14:05:12
189,Bouna,9.2667,-3.0,94.32,38,18,5.5,few clouds,CI,2022-06-20 14:05:13
190,Sheridan,44.8333,-106.9173,58.32,82,100,1.01,overcast clouds,US,2022-06-20 14:05:13
191,Kaitangata,-46.2817,169.8464,37.02,93,11,3.74,few clouds,NZ,2022-06-20 14:05:14
192,Brae,60.3964,-1.353,51.91,97,100,20.18,light rain,GB,2022-06-20 14:05:14
193,Nouakchott,18.0858,-15.9785,85.93,81,90,10.09,overcast clouds,MR,2022-06-20 14:05:15
194,Lorengau,-2.0226,147.2712,78.82,81,96,3.13,overcast clouds,PG,2022-06-20 14:05:16
195,Poum,-20.2333,164.0167,72.3,61,4,18.3,clear sky,NC,2022-06-20 14:05:16
196,Warangal,18.0,79.5833,87.96,59,100,6.29,light rain,IN,2022-06-20 14:02:23
197,Vicente Guerrero,19.1194,-98.1708,56.59,54,98,8.12,overcast clouds,MX,2022-06-20 14:05:17
198,Loanda,-8.8368,13.2343,82.4,51,40,5.75,scattered clouds,AO,2022-06-20 14:04:57
199,Balikpapan,-1.2675,116.8289,81.59,89,20,4.61,few clouds,ID,2022-06-20 14:05:18
200,Springbok,-29.6643,17.8865,58.69,66,98,31.59,overcast clouds,ZA,2022-06-20 14:05:19
201,Grootfontein,-19.5667,18.1167,69.24,21,6,19.77,clear sky,NA,2022-06-20 14:05:19
202,Mayumba,-3.432,10.6554,75.33,75,37,12.03,scattered clouds,GA,2022-06-20 14:05:20
203,Rock Sound,24.9,-76.2,81.64,71,100,1.16,overcast clouds,BS,2022-06-20 14:05:20
204,Isangel,-19.55,169.2667,70.11,67,87,8.63,overcast clouds,VU,2022-06-20 14:05:21
205,Mehamn,71.0357,27.8492,53.55,62,20,2.3,few clouds,NO,2022-06-20 14:05:22
206,Vila Velha,-20.3297,-40.2925,75.15,81,40,9.22,scattered clouds,BR,2022-06-20 14:04:07
207,Paamiut,61.994,-49.6678,38.23,97,100,14.92,light rain,GL,2022-06-20 14:05:22
208,Mariara,10.2964,-67.7181,78.13,63,90,2.46,overcast clouds,VE,2022-06-20 14:05:23
209,Necochea,-38.5473,-58.7368,46.72,63,92,14.0,overcast clouds,AR,2022-06-20 14:05:24
210,Alice Springs,-23.7,133.8833,49.55,71,0,0.0,clear sky,AU,2022-06-20 14:02:34
211,Ambanja,-13.6833,48.45,75.72,82,10,4.07,moderate rain,MG,2022-06-20 14:05:25
212,Port Elizabeth,-33.918,25.5701,63.1,86,100,7.0,overcast clouds,ZA,2022-06-20 14:03:20
213,Rundu,-17.9333,19.7667,83.32,17,5,12.01,clear sky,NA,2022-06-20 14:05:26
214,Healdsburg,38.6105,-122.8692,69.91,70,0,0.0,clear sky,US,2022-06-20 14:05:26
215,Bonthe,7.5264,-12.505,85.05,59,65,10.2,broken clouds,SL,2022-06-20 14:05:27
216,Hervey Bay,-25.2986,152.8535,58.01,90,37,3.0,scattered clouds,AU,2022-06-20 14:05:28
217,Thompson,55.7435,-97.8558,62.08,87,100,7.4,overcast clouds,CA,2022-06-20 14:05:28
218,Burnie,-41.0667,145.9167,53.94,92,100,16.49,moderate rain,AU,2022-06-20 14:05:30
219,Inyonga,-6.7167,32.0667,82.76,26,31,5.55,scattered clouds,TZ,2022-06-20 14:05:30
220,Campbell River,50.0163,-125.2446,55.45,77,100,3.78,overcast clouds,CA,2022-06-20 14:04:36
221,Astoria,46.1879,-123.8313,55.29,84,100,0.0,overcast clouds,US,2022-06-20 14:05:31
222,Hobyo,5.3505,48.5268,81.14,72,89,31.18,overcast clouds,SO,2022-06-20 14:05:32
223,Narsaq,60.9167,-46.05,46.62,94,100,1.72,overcast clouds,GL,2022-06-20 14:05:33
224,Coihaique,-45.5752,-72.0662,35.55,80,20,5.75,few clouds,CL,2022-06-20 14:05:34
225,Guerrero Negro,27.9769,-114.0611,64.42,80,0,10.54,clear sky,MX,2022-06-20 14:05:34
226,Cileungsi,-6.3947,106.9592,78.04,85,69,2.01,moderate rain,ID,2022-06-20 14:03:55
227,Kodiak,57.79,-152.4072,47.71,87,100,4.61,overcast clouds,US,2022-06-20 14:05:35
228,Namibe,-15.1961,12.1522,67.62,59,0,9.73,clear sky,AO,2022-06-20 14:05:36
229,Flinders,-34.5833,150.8552,56.37,84,13,1.99,few clouds,AU,2022-06-20 14:05:36
230,Kaoma,-14.7833,24.8,81.97,22,6,5.44,clear sky,ZM,2022-06-20 14:05:47
231,Avera,33.194,-82.5271,79.38,40,100,3.22,overcast clouds,US,2022-06-20 14:05:47
232,Richards Bay,-28.783,32.0377,68.94,67,17,6.53,few clouds,ZA,2022-06-20 14:05:48
233,Sri Aman,1.2376,111.4621,75.65,94,100,1.05,moderate rain,MY,2022-06-20 14:05:48
234,Arraial Do Cabo,-22.9661,-42.0278,75.06,69,20,11.5,few clouds,BR,2022-06-20 14:05:49
235,Bubaque,11.2833,-15.8333,79.66,77,100,8.43,overcast clouds,GW,2022-06-20 14:05:49
236,Niono,14.2526,-5.993,94.84,35,12,4.97,few clouds,ML,2022-06-20 14:05:50
237,Te Anau,-45.4167,167.7167,32.85,96,68,1.3,broken clouds,NZ,2022-06-20 14:05:51
238,Luena,-11.7833,19.9167,82.24,19,9,4.5,clear sky,AO,2022-06-20 14:05:52
239,Lagoa,39.05,-27.9833,63.01,75,7,17.34,clear sky,PT,2022-06-20 14:05:53
240,Bagdarin,54.4333,113.6,52.36,92,100,0.34,overcast clouds,RU,2022-06-20 14:05:54
241,Laguna,38.421,-121.4238,69.08,63,0,6.91,clear sky,US,2022-06-20 14:05:54
242,Zhigansk,66.7697,123.3711,45.3,52,0,21.09,clear sky,RU,2022-06-20 14:05:55
243,Georgetown,5.4112,100.3354,82.33,83,40,0.0,thunderstorm,MY,2022-06-20 14:02:50
244,Yar-Sale,66.8333,70.8333,70.59,53,100,9.1,overcast clouds,RU,2022-06-20 14:05:55
245,Gravdal,68.1214,13.5031,49.89,87,75,12.66,broken clouds,NO,2022-06-20 14:05:56
246,Corrientes,-27.4806,-58.8341,65.01,73,3,1.99,clear sky,AR,2022-06-20 14:05:57
247,Ngunguru,-35.6167,174.5,56.52,65,96,29.35,overcast clouds,NZ,2022-06-20 14:05:58
248,Tayabo,15.8342,121.0308,76.82,89,99,4.52,overcast clouds,PH,2022-06-20 14:05:58
249,Bushehr,28.9684,50.8385,93.34,49,1,6.49,clear sky,IR,2022-06-20 14:05:59
250,Fairbanks,64.8378,-147.7164,55.6,91,100,4.61,light rain,US,2022-06-20 14:05:43
251,Rantepao,-2.9701,119.8978,65.5,97,48,2.1,scattered clouds,ID,2022-06-20 14:06:00
252,Kahului,20.8947,-156.47,75.85,86,6,5.01,clear sky,US,2022-06-20 13:57:54
253,Vardo,70.3705,31.1107,46.38,81,20,9.22,few clouds,NO,2022-06-20 14:06:01
254,Puerto Escondido,15.85,-97.0667,77.83,73,75,6.91,broken clouds,MX,2022-06-20 14:06:02
255,Gazanjyk,39.2446,55.5154,94.57,13,0,16.08,clear sky,TM,2022-06-20 14:06:02
256,Svirstroy,60.7999,33.7248,60.08,80,87,5.1,overcast clouds,RU,2022-06-20 14:06:03
257,Asyut,27.181,31.1837,98.64,11,0,18.92,clear sky,EG,2022-06-20 14:06:05
258,Imbituba,-28.24,-48.6703,66.09,69,0,1.99,clear sky,BR,2022-06-20 14:02:39
259,Pacific Grove,36.6177,-121.9166,53.28,91,0,5.01,clear sky,US,2022-06-20 14:03:29
260,Shirokiy,49.758,129.523,58.78,95,100,17.13,overcast clouds,RU,2022-06-20 14:06:06
261,Toora-Khem,52.4675,96.11,59.92,54,15,2.37,few clouds,RU,2022-06-20 14:06:07
262,Vodnyy,63.5046,53.4095,65.32,52,100,8.88,overcast clouds,RU,2022-06-20 14:06:07
263,Labuhan,-6.8844,112.2051,80.55,79,19,5.5,few clouds,ID,2022-06-20 14:06:08
264,Somerset East,-32.7217,25.588,58.21,59,93,4.88,overcast clouds,ZA,2022-06-20 14:06:09
265,Santa Lucia,27.9117,-15.5407,69.12,61,40,28.77,scattered clouds,ES,2022-06-20 14:06:09
266,Arlit,18.7369,7.3853,105.13,10,65,2.21,broken clouds,NE,2022-06-20 14:06:10
267,Dwarka,22.2394,68.9678,85.68,79,45,18.63,scattered clouds,IN,2022-06-20 14:06:11
268,Oliver,49.1831,-119.5524,56.52,68,63,4.03,broken clouds,CA,2022-06-20 14:04:19
269,Rio Gallegos,-51.6226,-69.2181,32.85,93,81,15.39,broken clouds,AR,2022-06-20 14:06:12
270,Port Hardy,50.6996,-127.4199,51.98,93,100,3.44,light rain,CA,2022-06-20 14:06:14
271,Tuatapere,-46.1333,167.6833,37.65,92,10,5.03,clear sky,NZ,2022-06-20 14:06:15
272,Celestun,20.8667,-90.4,80.08,76,82,8.41,broken clouds,MX,2022-06-20 14:06:16
273,Vila Franca Do Campo,37.7167,-25.4333,66.61,65,7,15.93,clear sky,PT,2022-06-20 14:06:17
274,Alyangula,-13.8483,136.4192,73.29,77,100,10.56,overcast clouds,AU,2022-06-20 14:06:17
275,Makushino,55.2103,67.2442,69.57,75,88,4.59,light rain,RU,2022-06-20 14:06:18
276,Talnakh,69.4865,88.3972,76.08,34,100,7.7,overcast clouds,RU,2022-06-20 14:06:18
277,Axim,4.8699,-2.2405,80.91,74,43,7.45,light rain,GH,2022-06-20 14:06:29
278,Raub,3.7899,101.857,74.52,98,78,2.48,broken clouds,MY,2022-06-20 14:02:52
279,Lavrentiya,65.5833,-171.0,43.32,90,100,12.46,overcast clouds,RU,2022-06-20 14:06:30
280,Hernani,43.2662,-1.9762,71.2,73,75,5.75,broken clouds,ES,2022-06-20 14:04:43
281,Qui Nhon,13.7667,109.2333,81.77,84,100,8.77,overcast clouds,VN,2022-06-20 14:06:31
282,Walvis Bay,-22.9575,14.5053,62.1,72,0,11.32,clear sky,NA,2022-06-20 14:06:34
283,Key Largo,25.0865,-80.4473,88.0,63,65,4.03,broken clouds,US,2022-06-20 14:05:56
284,Eyl,7.9803,49.8164,89.4,47,14,25.5,few clouds,SO,2022-06-20 14:06:36
285,Pangkalanbuun,-2.6833,111.6167,74.19,98,100,1.32,overcast clouds,ID,2022-06-20 14:03:13
286,Sibolga,1.7427,98.7792,77.18,91,100,3.36,overcast clouds,ID,2022-06-20 14:06:37
287,Havre-Saint-Pierre,50.2334,-63.5986,45.61,79,100,12.64,overcast clouds,CA,2022-06-20 14:03:29
288,Faanui,-16.4833,-151.75,80.13,75,12,17.34,few clouds,PF,2022-06-20 14:06:37
289,Pathein,16.7833,94.7333,78.87,87,99,3.8,overcast clouds,MM,2022-06-20 14:06:38
290,Imamoglu,37.2651,35.6572,85.71,45,0,15.46,clear sky,TR,2022-06-20 14:06:38
291,Esperance,-33.8667,121.9,57.36,78,0,12.97,clear sky,AU,2022-06-20 14:06:39
292,Deputatskiy,69.3,139.9,29.71,74,42,5.44,scattered clouds,RU,2022-06-20 14:06:40
293,Wenling,28.3669,121.36,74.86,96,100,13.56,light rain,CN,2022-06-20 14:06:41
294,Nishihara,26.1842,127.7558,82.45,91,75,12.66,broken clouds,JP,2022-06-20 14:06:41
295,Yei,4.095,30.6779,78.51,60,100,1.43,overcast clouds,SS,2022-06-20 14:06:42
296,Sinnamary,5.3833,-52.95,82.2,74,49,7.27,scattered clouds,GF,2022-06-20 14:06:42
297,Edendale,-29.6528,30.3147,59.07,87,97,5.21,overcast clouds,ZA,2022-06-20 14:06:43
298,Juliaca,-15.5,-70.1333,46.9,34,1,1.23,clear sky,PE,2022-06-20 14:06:43
299,Bon Accord,53.8335,-113.4187,57.85,87,91,10.76,overcast clouds,CA,2022-06-20 14:06:44
300,Darnah,32.767,22.6367,77.16,59,0,12.06,clear sky,LY,2022-06-20 14:06:45
301,Ndola,-12.9587,28.6366,77.32,21,8,4.59,clear sky,ZM,2022-06-20 14:06:45
302,Arara,-6.8283,-35.7583,74.46,87,65,15.55,broken clouds,BR,2022-06-20 14:06:46
303,Mossendjo,-2.9506,12.7261,80.73,54,81,3.06,broken clouds,CG,2022-06-20 14:06:46
304,Alofi,-19.0595,-169.9187,75.09,94,100,4.61,overcast clouds,NU,2022-06-20 14:06:47
305,Yaring,6.8662,101.3689,79.68,83,100,8.81,overcast clouds,TH,2022-06-20 14:06:48
306,Rockland,41.1668,-74.0496,70.05,53,100,1.01,overcast clouds,US,2022-06-20 14:06:48
307,Khandyga,62.6667,135.6,63.93,69,99,3.67,overcast clouds,RU,2022-06-20 14:06:49
308,Hambantota,6.1241,81.1185,84.54,79,20,11.5,few clouds,LK,2022-06-20 14:06:12
309,Kudahuvadhoo,2.6708,72.8944,83.66,71,100,12.91,overcast clouds,MV,2022-06-20 14:06:50
310,Maniitsoq,65.4167,-52.9,39.0,95,100,27.38,moderate rain,GL,2022-06-20 14:06:50
311,Cayenne,4.9333,-52.3333,84.09,18,75,8.05,light rain,GF,2022-06-20 14:06:51
312,Esperantina,-3.9017,-42.2336,86.16,57,8,5.99,clear sky,BR,2022-06-20 14:06:52
313,Benjamin Constant,-4.3831,-70.0311,80.73,78,0,4.61,clear sky,BR,2022-06-20 14:06:52
314,Kaeo,-35.1,173.7833,54.1,73,100,19.19,overcast clouds,NZ,2022-06-20 14:06:53
315,Mantua,45.1667,10.7833,96.35,42,0,5.01,clear sky,IT,2022-06-20 14:05:54
316,Matara,5.9485,80.5353,79.63,84,98,10.6,overcast clouds,LK,2022-06-20 14:06:54
317,Kargasok,59.0556,80.8572,68.09,72,93,3.49,overcast clouds,RU,2022-06-20 14:06:54
318,Garchitorena,13.8804,123.6946,81.45,81,35,3.69,scattered clouds,PH,2022-06-20 14:06:55
319,Kirensk,57.7853,108.1119,51.21,98,100,5.21,light rain,RU,2022-06-20 14:06:56
320,Sakaiminato,35.55,133.2333,71.62,86,100,4.14,light rain,JP,2022-06-20 14:06:57
321,Upernavik,72.7868,-56.1549,32.49,87,7,10.42,clear sky,GL,2022-06-20 14:06:57
322,Constitucion,-35.3333,-72.4167,52.12,57,100,2.13,overcast clouds,CL,2022-06-20 14:07:09
323,Lichinga,-13.3128,35.2406,68.22,37,4,7.27,clear sky,MZ,2022-06-20 14:07:09
324,Rudnogorsk,57.2639,103.7519,51.69,93,100,4.74,overcast clouds,RU,2022-06-20 14:07:09
325,Jumla,29.2747,82.1838,57.02,91,27,1.54,scattered clouds,NP,2022-06-20 14:07:10
326,Margate,51.3813,1.3862,66.11,62,3,13.65,clear sky,GB,2022-06-20 14:07:11
327,Qaqortoq,60.7167,-46.0333,41.16,95,100,1.5,overcast clouds,GL,2022-06-20 14:07:11
328,Kupang,-10.1667,123.5833,77.4,64,99,12.01,overcast clouds,ID,2022-06-20 14:07:12
329,Hualmay,-11.0964,-77.6139,63.9,74,31,10.96,scattered clouds,PE,2022-06-20 14:07:12
330,Great Falls,47.5002,-111.3008,52.41,80,100,12.66,overcast clouds,US,2022-06-20 14:05:07
331,Lata,40.1629,-8.3327,66.92,50,100,10.4,overcast clouds,PT,2022-06-20 14:07:13
332,Ayan,56.45,138.1667,47.25,89,22,6.62,few clouds,RU,2022-06-20 14:07:13
333,Cabo San Lucas,22.8909,-109.9124,80.62,89,99,2.46,overcast clouds,MX,2022-06-20 14:04:54
334,Moerai,-22.4333,-151.3333,75.42,67,87,13.91,overcast clouds,PF,2022-06-20 14:07:15
335,Chapaevsk,52.9813,49.7112,63.7,90,100,11.65,overcast clouds,RU,2022-06-20 14:07:15
336,Nemuro,43.3236,145.575,49.44,92,99,15.77,light rain,JP,2022-06-20 14:07:16
337,Markova,48.6758,24.4138,83.98,42,0,4.59,clear sky,UA,2022-06-20 14:07:16
338,Vorozhba,51.1733,34.2192,80.47,56,0,12.06,clear sky,UA,2022-06-20 14:07:17
339,Xichang,27.8964,102.2634,69.82,90,100,2.59,overcast clouds,CN,2022-06-20 14:07:17
340,Fereydun Kenar,36.6864,52.5225,78.66,59,0,9.06,clear sky,IR,2022-06-20 14:07:18
341,Hope Mills,34.9704,-78.9453,73.72,52,0,5.75,clear sky,US,2022-06-20 14:03:27
342,Panaba,21.2833,-88.2667,78.1,87,99,6.53,overcast clouds,MX,2022-06-20 14:07:19
343,Bairnsdale,-37.8333,147.6167,46.06,92,94,5.7,light rain,AU,2022-06-20 14:07:20
344,Vestmanna,62.1564,-7.1664,50.92,100,100,13.8,mist,FO,2022-06-20 14:07:20
345,Orissaare,58.5592,23.0826,68.02,68,78,8.16,broken clouds,EE,2022-06-20 14:07:21
346,Sur,22.5667,59.5289,96.26,45,44,4.63,scattered clouds,OM,2022-06-20 14:07:22
347,Fukue,32.6881,128.8419,71.96,96,100,20.67,heavy intensity rain,JP,2022-06-20 14:07:23
348,Hihya,30.6713,31.588,93.85,20,0,16.44,clear sky,EG,2022-06-20 14:07:24
349,Masuda,34.6667,131.85,72.19,93,100,3.89,moderate rain,JP,2022-06-20 14:07:25
350,Masuguru,-11.3667,38.4167,85.98,29,5,4.27,clear sky,TZ,2022-06-20 14:07:25
351,Airai,-8.9266,125.4092,56.91,87,100,2.91,overcast clouds,TL,2022-06-20 14:07:26
352,Zuya,45.0531,34.3154,82.29,39,18,7.07,few clouds,UA,2022-06-20 14:07:27
353,Iqaluit,63.7506,-68.5145,49.69,61,2,15.99,clear sky,CA,2022-06-20 14:07:27
354,Mana,5.6592,-53.7767,81.61,75,99,5.44,light rain,GF,2022-06-20 14:07:28
355,Danielskuil,-28.1887,23.5395,68.05,28,1,23.24,clear sky,ZA,2022-06-20 14:07:28
356,Wurzen,51.3667,12.7333,57.0,94,100,9.93,light rain,DE,2022-06-20 14:07:29
357,Kotaparh,19.15,82.35,81.91,67,100,9.46,heavy intensity rain,IN,2022-06-20 14:07:30
358,Coquimbo,-29.9533,-71.3436,49.73,87,100,5.75,overcast clouds,CL,2022-06-20 14:07:30
359,Mackay,-21.15,149.2,67.24,79,86,11.95,overcast clouds,AU,2022-06-20 14:07:31
360,Havre,49.5833,0.3333,69.35,64,75,16.11,broken clouds,FR,2022-06-20 14:07:32
361,Nichinan,31.6,131.3667,72.25,93,100,2.57,light rain,JP,2022-06-20 14:07:32
362,Okakarara,-20.5833,17.4333,67.03,17,0,15.82,clear sky,NA,2022-06-20 14:07:33
363,Caravelas,-17.7125,-39.2481,77.54,69,18,8.68,few clouds,BR,2022-06-20 14:07:34
364,Lakes Entrance,-37.8811,147.981,46.17,73,95,8.66,overcast clouds,AU,2022-06-20 14:07:35
365,Thinadhoo,0.5333,72.9333,84.22,68,97,11.63,overcast clouds,MV,2022-06-20 14:07:35
366,Tura,25.5198,90.2201,73.54,97,83,7.27,broken clouds,IN,2022-06-20 14:07:46
367,Silopi,37.2497,42.4694,105.17,8,0,11.63,clear sky,TR,2022-06-20 14:07:46
368,Rajapur,25.3833,81.15,98.98,29,0,6.42,clear sky,IN,2022-06-20 14:07:47
369,Minden,52.2833,8.9167,69.96,46,75,16.11,broken clouds,DE,2022-06-20 14:07:48
370,Petropavlovskoye,52.0712,84.107,65.5,77,1,2.68,clear sky,RU,2022-06-20 14:07:48
371,Okhotsk,59.3833,143.3,45.01,93,79,4.9,broken clouds,RU,2022-06-20 14:07:49
372,Westport,41.1415,-73.3579,72.36,49,0,12.66,clear sky,US,2022-06-20 14:06:42
373,Saint George,37.1041,-113.5841,71.8,24,0,3.0,clear sky,US,2022-06-20 14:07:50
374,Gizo,-8.103,156.8419,81.55,75,96,5.35,overcast clouds,SB,2022-06-20 14:07:51
375,Magistralnyy,56.1725,107.4458,55.33,97,100,3.87,light rain,RU,2022-06-20 14:07:52
376,Saint-Augustin,51.226,-58.6502,51.19,93,100,6.4,overcast clouds,CA,2022-06-20 14:07:52
377,Santa Rosa,14.3122,121.1114,86.09,72,57,3.8,broken clouds,PH,2022-06-20 14:07:53
378,Ixtapa,20.7,-105.2,80.22,89,75,0.0,broken clouds,MX,2022-06-20 14:07:54
379,Semnan,35.5729,53.3971,88.43,27,36,1.07,scattered clouds,IR,2022-06-20 14:04:59
380,Verkhniy Avzyan,53.5289,57.5372,55.76,99,100,9.51,overcast clouds,RU,2022-06-20 14:07:55
381,Port Lincoln,-34.7333,135.8667,54.9,71,71,9.8,broken clouds,AU,2022-06-20 14:07:55
382,Taywarah,33.35,64.4167,56.14,33,16,28.23,few clouds,AF,2022-06-20 14:07:56
383,Santa Marta,11.2408,-74.199,81.77,76,100,7.09,overcast clouds,CO,2022-06-20 14:03:23
384,Katobu,-4.9408,122.5276,74.46,93,95,4.07,overcast clouds,ID,2022-06-20 14:07:57
385,Saveh,35.0213,50.3566,98.49,13,0,11.16,clear sky,IR,2022-06-20 14:07:58
386,Shakiso,5.75,38.9167,67.06,66,83,5.21,broken clouds,ET,2022-06-20 14:07:16
387,Lodja,-3.4833,23.4333,82.02,56,100,0.92,overcast clouds,CD,2022-06-20 14:07:59
388,Dondo,-19.6094,34.7431,76.51,74,100,4.29,overcast clouds,MZ,2022-06-20 14:07:59
389,Svay Rieng,11.0879,105.7993,84.38,70,100,11.63,overcast clouds,KH,2022-06-20 14:08:00
390,Dabat,12.9842,37.765,64.69,58,58,9.57,light rain,ET,2022-06-20 14:08:01
391,Zhangjiakou,40.81,114.8794,77.79,47,100,1.61,light rain,CN,2022-06-20 14:08:02
392,Codrington,-38.2667,141.9667,48.29,96,73,11.48,broken clouds,AU,2022-06-20 14:08:02
393,Bolshoye Selo,57.7177,38.9334,63.43,52,98,10.51,overcast clouds,RU,2022-06-20 14:08:03
394,Bambous Virieux,-20.3428,57.7575,70.05,88,75,14.97,light rain,MU,2022-06-20 14:08:04
395,Preeceville,51.95,-102.6677,57.34,96,100,10.22,overcast clouds,CA,2022-06-20 14:08:04
396,Fort Saint James,54.4333,-124.25,52.81,69,100,2.64,overcast clouds,CA,2022-06-20 14:08:05
397,Obregon,11.9566,-85.9636,78.75,86,97,2.1,overcast clouds,NI,2022-06-20 14:08:05
398,Yenagoa,4.9247,6.2642,82.58,76,100,6.38,moderate rain,NG,2022-06-20 14:08:06
399,Mikhaylovka,50.06,43.2379,86.79,45,0,14.34,clear sky,RU,2022-06-20 14:08:07
400,Belyy Yar,53.6039,91.3903,67.89,64,0,2.24,clear sky,RU,2022-06-20 14:08:07
401,Huadian,42.9633,126.7478,69.6,81,100,4.14,overcast clouds,CN,2022-06-20 14:08:08
402,Kruisfontein,-34.0033,24.7314,59.88,65,99,9.91,overcast clouds,ZA,2022-06-20 14:08:09
403,Susanville,40.4163,-120.653,54.12,66,0,3.44,clear sky,US,2022-06-20 14:05:17
404,Mandalgovi,45.7625,106.2708,72.25,24,100,6.82,overcast clouds,MN,2022-06-20 14:08:10
405,Zemlyansk,51.9041,38.7334,83.84,70,0,16.53,clear sky,RU,2022-06-20 14:08:10
406,Inirida,3.8653,-67.9239,71.08,99,100,1.54,light rain,CO,2022-06-20 14:08:11
407,Olinda,-8.0089,-34.8553,83.93,65,75,13.8,broken clouds,BR,2022-06-20 14:08:11
408,Namatanai,-3.6667,152.4333,79.32,81,68,5.93,broken clouds,PG,2022-06-20 14:08:12
409,Grand Gaube,-20.0064,57.6608,70.2,78,0,4.0,moderate rain,MU,2022-06-20 14:08:13
410,Banda Aceh,5.5577,95.3222,80.8,80,100,5.3,overcast clouds,ID,2022-06-20 14:08:13
411,Aswan,24.0934,32.907,106.25,7,6,18.88,clear sky,EG,2022-06-20 14:08:14
412,Kovdor,67.5662,30.4758,50.04,61,100,2.64,overcast clouds,RU,2022-06-20 14:08:15
413,Namwala,-15.7504,26.4384,81.23,20,0,6.98,clear sky,ZM,2022-06-20 14:08:25
414,Zaysan,47.4667,84.8667,72.3,33,0,5.17,clear sky,KZ,2022-06-20 14:08:26
415,Presidencia Roque Saenz Pena,-26.7852,-60.4388,62.29,46,34,6.24,scattered clouds,AR,2022-06-20 14:08:27
416,Nanakuli,21.3906,-158.1547,76.1,73,0,4.61,clear sky,US,2022-06-20 14:08:27
417,Panguna,-6.3164,155.4848,67.1,95,28,1.88,light rain,PG,2022-06-20 14:08:28
418,Glens Falls,43.3095,-73.644,69.98,54,0,3.44,clear sky,US,2022-06-20 14:08:28
419,Jalu,29.0331,21.5482,100.35,14,0,11.21,clear sky,LY,2022-06-20 14:08:29
420,Miandrivazo,-19.5167,45.4667,83.82,35,0,5.93,clear sky,MG,2022-06-20 14:08:29
421,Luba,3.4568,8.5547,77.79,86,93,6.42,moderate rain,GQ,2022-06-20 14:08:30
422,Berlevag,70.8578,29.0864,53.6,81,100,8.05,overcast clouds,NO,2022-06-20 14:08:31
423,Vrangel,42.7297,133.0839,56.77,89,71,11.21,broken clouds,RU,2022-06-20 14:08:31
424,Litija,46.0586,14.8225,89.62,33,0,13.51,clear sky,SI,2022-06-20 14:08:32
425,Joshimath,30.5667,79.5667,62.78,92,100,1.83,overcast clouds,IN,2022-06-20 14:08:33
426,Angoche,-16.2325,39.9086,76.75,67,43,12.41,scattered clouds,MZ,2022-06-20 14:08:33
427,Galashiels,55.6146,-2.807,69.55,54,30,11.83,scattered clouds,GB,2022-06-20 14:08:34
428,Durant,33.994,-96.3708,80.51,59,0,9.22,clear sky,US,2022-06-20 14:07:54
429,Neyshabur,36.2133,58.7958,80.82,20,6,15.3,clear sky,IR,2022-06-20 14:08:36
430,Noumea,-22.2763,166.4572,70.0,99,98,8.08,overcast clouds,NC,2022-06-20 14:08:36
431,Nizhniy Kuranakh,58.8353,125.4869,65.71,61,100,2.17,overcast clouds,RU,2022-06-20 14:08:37
432,Gat,31.61,34.7642,85.41,35,0,12.73,clear sky,IL,2022-06-20 14:04:04
433,Tafalla,42.5269,-1.6745,92.28,14,100,19.01,overcast clouds,ES,2022-06-20 14:08:38
434,Ulaangom,49.9811,92.0667,64.13,60,53,2.86,broken clouds,MN,2022-06-20 14:08:39
435,Guangshui,31.6199,113.9978,79.0,81,36,3.22,scattered clouds,CN,2022-06-20 14:08:40
436,San Carlos De Bariloche,-41.1456,-71.3082,37.08,82,100,4.32,overcast clouds,AR,2022-06-20 14:06:55
437,Mtambile,-5.3833,39.7,79.23,72,4,17.85,clear sky,TZ,2022-06-20 14:08:41
438,Birao,10.2849,22.7882,77.85,72,100,6.91,moderate rain,CF,2022-06-20 14:08:42
439,Muros,42.7762,-9.0603,61.84,85,100,2.93,overcast clouds,ES,2022-06-20 14:08:42
440,Kadaya,50.9327,119.2911,59.11,91,100,14.83,light rain,RU,2022-06-20 14:08:43
441,Pochutla,15.7432,-96.4661,77.83,80,57,2.21,broken clouds,MX,2022-06-20 14:08:43
442,North Bend,43.4065,-124.2243,54.91,97,0,3.44,clear sky,US,2022-06-20 14:08:44
443,Ahipara,-35.1667,173.1667,53.38,73,100,12.57,overcast clouds,NZ,2022-06-20 14:08:44
444,Tuy Hoa,13.0833,109.3,78.8,84,84,7.11,broken clouds,VN,2022-06-20 14:08:45
445,Aranos,-24.1333,19.1167,65.82,23,88,20.29,overcast clouds,NA,2022-06-20 14:08:45
446,Hadejia,12.4498,10.0444,101.35,18,12,4.47,few clouds,NG,2022-06-20 14:08:46
447,Slonim,53.0867,25.3219,74.95,67,83,3.58,broken clouds,BY,2022-06-20 14:08:46
448,Tena,-0.9833,-77.8167,68.16,90,95,0.58,light rain,EC,2022-06-20 14:08:47
449,Iguatemi,-23.6803,-54.5611,71.15,83,27,8.25,scattered clouds,BR,2022-06-20 14:08:49
450,Manbij,36.5281,37.9549,96.01,22,0,20.65,clear sky,SY,2022-06-20 14:08:49
451,Calama,-22.4667,-68.9333,52.29,15,0,2.3,clear sky,CL,2022-06-20 14:03:55
452,Serra Talhada,-7.9919,-38.2983,78.4,63,91,13.78,overcast clouds,BR,2022-06-20 14:08:50
453,Isla Vista,34.4133,-119.861,73.92,67,0,3.44,clear sky,US,2022-06-20 14:08:51
454,Sun City West,33.662,-112.3413,83.68,19,0,6.91,clear sky,US,2022-06-20 14:08:51
455,Varna,43.2167,27.9167,83.23,57,20,12.66,few clouds,BG,2022-06-20 14:08:52
456,Kysyl-Syr,63.8986,122.7617,50.99,50,100,10.89,overcast clouds,RU,2022-06-20 14:08:53
457,Ochakiv,46.6128,31.5498,75.63,53,0,10.54,clear sky,UA,2022-06-20 14:08:54
458,Porto Novo,6.4965,2.6036,85.46,62,59,8.21,broken clouds,BJ,2022-06-20 14:08:54
459,Amazar,53.858,120.875,58.68,98,100,11.61,light rain,RU,2022-06-20 14:08:55
460,Ola,59.5833,151.2833,43.14,96,88,1.68,overcast clouds,RU,2022-06-20 14:09:06
461,Kyshtovka,56.555,76.6271,69.85,83,14,6.17,light rain,RU,2022-06-20 14:09:06
462,Choctaw,35.4976,-97.2689,81.99,68,0,14.97,clear sky,US,2022-06-20 14:05:07
463,Brownsville,25.9018,-97.4975,85.96,83,0,6.91,clear sky,US,2022-06-20 14:08:55
464,Babu,24.4167,111.5167,75.16,98,100,3.27,moderate rain,CN,2022-06-20 14:09:08
465,Port Hawkesbury,45.6169,-61.3485,67.89,74,30,10.0,scattered clouds,CA,2022-06-20 14:09:09
466,Tahta,26.7693,31.5021,99.52,10,0,20.36,clear sky,EG,2022-06-20 14:09:10
467,Lompoc,34.6391,-120.4579,66.78,96,75,11.5,broken clouds,US,2022-06-20 14:09:11
468,Cape Canaveral,28.4058,-80.6048,87.08,75,0,10.36,clear sky,US,2022-06-20 14:09:11
469,Dingle,10.9995,122.6711,77.36,88,100,3.42,overcast clouds,PH,2022-06-20 14:09:12
470,Coro,11.4045,-69.6734,83.84,63,63,11.79,broken clouds,VE,2022-06-20 14:09:13
471,Vanimo,-2.6741,141.3028,77.36,85,100,3.0,overcast clouds,PG,2022-06-20 14:09:14
472,Chalon-Sur-Saone,46.7833,4.85,93.97,23,10,1.95,clear sky,FR,2022-06-20 14:09:14
473,Abonnema,4.7084,6.7931,78.26,85,100,7.85,moderate rain,NG,2022-06-20 14:09:15
474,Manavalakurichi,8.1333,77.3,80.87,80,99,16.62,overcast clouds,IN,2022-06-20 14:09:15
475,Sistranda,63.7256,8.834,64.36,68,97,10.4,overcast clouds,NO,2022-06-20 14:09:16
476,Zarubino,42.63,131.0922,61.56,82,50,2.89,scattered clouds,RU,2022-06-20 14:09:16
477,Aykino,62.2248,49.9922,58.14,73,100,5.59,light rain,RU,2022-06-20 14:09:17
478,Honiara,-9.4333,159.95,76.3,88,77,3.87,broken clouds,SB,2022-06-20 14:09:17
479,Victoria,22.2855,114.1577,86.38,81,100,11.01,overcast clouds,HK,2022-06-20 14:07:33
480,Mizdah,31.4451,12.9801,96.78,16,0,1.81,clear sky,LY,2022-06-20 14:09:18
481,Gerash,27.6652,54.1371,106.79,7,2,12.3,clear sky,IR,2022-06-20 14:09:19
482,Neropolis,-16.4064,-49.2186,81.48,28,0,9.28,clear sky,BR,2022-06-20 14:09:19
483,Ust-Karsk,52.7011,118.8077,57.99,98,100,5.37,light rain,RU,2022-06-20 14:09:20
484,Dunedin,-45.8742,170.5036,39.92,87,2,4.45,clear sky,NZ,2022-06-20 14:04:47
485,Mount Isa,-20.7333,139.5,64.17,39,100,6.91,overcast clouds,AU,2022-06-20 14:09:21
486,Lingao,19.9103,109.6859,83.46,81,100,6.46,overcast clouds,CN,2022-06-20 14:09:22
487,Komsomolskiy,40.4272,71.7189,68.72,60,40,16.11,scattered clouds,UZ,2022-06-20 14:09:22
488,Huarmey,-10.0681,-78.1522,64.92,75,98,9.26,overcast clouds,PE,2022-06-20 14:09:23
489,Asfi,32.2994,-9.2372,72.37,70,3,21.39,clear sky,MA,2022-06-20 14:09:23
490,Lardos,36.0942,28.0157,76.95,61,0,18.88,clear sky,GR,2022-06-20 14:09:24
491,San Luis,-33.295,-66.3356,56.86,27,100,9.13,overcast clouds,AR,2022-06-20 14:09:24
492,Hay River,60.8156,-115.7999,52.84,55,2,1.9,clear sky,CA,2022-06-20 14:09:25
493,La Paz,-16.5,-68.15,49.98,21,20,2.3,few clouds,BO,2022-06-20 14:09:08
494,Suez,29.9737,32.5263,93.15,26,0,19.62,clear sky,EG,2022-06-20 14:09:26
495,Lethem,3.3803,-59.7968,77.13,87,100,4.99,moderate rain,GY,2022-06-20 14:09:26
496,Bata,1.8639,9.7658,79.36,75,82,8.08,light rain,GQ,2022-06-20 14:09:27
497,Tahe,52.3333,124.7333,57.36,99,100,9.35,overcast clouds,CN,2022-06-20 14:09:28
498,Uinskoye,56.8817,56.5813,58.05,93,96,11.32,overcast clouds,RU,2022-06-20 14:09:30
499,Lufilufi,-13.8745,-171.5986,81.39,70,54,15.3,broken clouds,WS,2022-06-20 14:09:30
500,Bilma,18.6853,12.9164,105.94,10,1,6.91,clear sky,NE,2022-06-20 14:09:31
501,Shipley,53.8333,-1.7667,72.12,52,20,9.22,few clouds,GB,2022-06-20 14:09:32
502,Longyearbyen,78.2186,15.6401,39.04,65,75,23.02,broken clouds,SJ,2022-06-20 14:09:32
503,Indianola,41.3581,-93.5574,80.31,65,0,12.82,clear sky,US,2022-06-20 14:09:33
504,Seara,41.1818,-7.8003,60.96,58,93,9.44,overcast clouds,PT,2022-06-20 14:09:34
505,Alexandria,31.2156,29.9553,79.45,57,0,12.1,clear sky,EG,2022-06-20 14:08:32
506,Touros,-5.1989,-35.4608,84.33,61,38,13.71,scattered clouds,BR,2022-06-20 14:09:45
507,Karwar,14.8,74.1333,78.03,89,99,9.55,overcast clouds,IN,2022-06-20 14:09:45
508,Oistins,13.0667,-59.5333,86.09,66,75,21.85,broken clouds,BB,2022-06-20 14:09:46
509,Jacareacanga,-6.2222,-57.7528,86.41,46,89,4.03,overcast clouds,BR,2022-06-20 14:09:47
510,Stephenville,32.2207,-98.2023,84.76,51,0,6.91,clear sky,US,2022-06-20 14:09:47
511,La Palma,33.8464,-118.0467,74.1,76,0,0.0,clear sky,US,2022-06-20 14:09:48
512,Katherine,-14.4667,132.2667,75.52,53,100,6.91,overcast clouds,AU,2022-06-20 14:09:48
513,Downers Grove,41.8089,-88.0112,78.46,55,1,8.01,clear sky,US,2022-06-20 14:06:08
514,Carutapera,-1.195,-46.02,85.28,65,27,8.55,scattered clouds,BR,2022-06-20 14:09:49
515,Santa Ana,33.7456,-117.8678,72.5,65,0,3.44,clear sky,US,2022-06-20 14:06:16
516,Stornoway,58.2093,-6.3865,58.03,86,75,11.5,broken clouds,GB,2022-06-20 14:09:50
517,San Jose,37.3394,-121.895,61.59,78,20,4.61,few clouds,US,2022-06-20 14:09:19
518,Graham,47.0529,-122.2943,53.69,88,100,4.61,overcast clouds,US,2022-06-20 14:09:51
519,Kandi,11.1342,2.9386,98.94,31,50,1.92,scattered clouds,BJ,2022-06-20 14:09:00
520,Puerto Leguizamo,-0.1934,-74.7819,72.18,98,100,2.8,overcast clouds,CO,2022-06-20 14:09:52
521,Xai-Xai,-25.0519,33.6442,71.35,74,74,5.99,broken clouds,MZ,2022-06-20 14:09:53
522,Phan Thiet,10.9333,108.1,80.38,86,48,5.88,scattered clouds,VN,2022-06-20 14:09:53
523,Nanortalik,60.1432,-45.2371,41.54,94,100,10.38,overcast clouds,GL,2022-06-20 14:09:54
524,Lydenburg,-25.0978,30.4597,60.4,54,1,6.53,clear sky,ZA,2022-06-20 14:09:55
525,Mama,58.3106,112.8986,58.15,96,100,1.74,overcast clouds,RU,2022-06-20 14:09:55
526,Pulandian,39.3953,121.9669,68.72,96,96,5.5,overcast clouds,CN,2022-06-20 14:09:57
527,Kuito,-12.3833,16.9333,77.79,16,30,8.72,scattered clouds,AO,2022-06-20 14:09:59
528,Dalvik,65.9702,-18.5286,48.74,74,92,3.85,overcast clouds,IS,2022-06-20 14:09:59
529,Villazon,-22.0866,-65.5942,42.22,7,0,4.83,clear sky,BO,2022-06-20 14:10:00
530,Araouane,18.9048,-3.5265,103.55,18,5,4.61,clear sky,ML,2022-06-20 14:10:00
531,Oskaloosa,41.2964,-92.6444,80.58,50,0,11.5,clear sky,US,2022-06-20 14:10:01
532,Damietta,31.4165,31.8133,78.93,62,0,15.39,clear sky,EG,2022-06-20 14:10:02
533,Carballo,43.213,-8.691,62.29,90,100,3.94,light rain,ES,2022-06-20 14:10:03
534,Cap Malheureux,-19.9842,57.6142,69.48,78,0,5.01,moderate rain,MU,2022-06-20 14:10:04
535,Gasa,31.5,34.4667,83.88,57,0,11.86,clear sky,PS,2022-06-20 14:05:10
536,Mangrol,21.1167,70.1167,84.83,77,100,17.43,overcast clouds,IN,2022-06-20 14:10:04
537,Tarko-Sale,64.9225,77.785,78.73,43,95,9.44,overcast clouds,RU,2022-06-20 14:10:05
538,Forestville,38.8451,-76.875,74.25,35,0,10.36,clear sky,US,2022-06-20 14:10:05
539,Atambua,-9.1061,124.8925,71.2,77,100,5.37,overcast clouds,ID,2022-06-20 14:10:06
540,Puerto Del Rosario,28.5004,-13.8627,74.95,73,20,16.11,few clouds,ES,2022-06-20 14:07:05
541,Remanso,-9.6179,-42.0831,80.49,47,46,8.84,scattered clouds,BR,2022-06-20 14:10:07
542,Roald,62.5833,6.1333,71.17,63,0,19.57,clear sky,NO,2022-06-20 14:10:08
543,Tual,-5.6667,132.75,79.36,79,100,20.96,overcast clouds,ID,2022-06-20 14:10:08
544,Bayir,37.2687,28.2167,75.72,37,0,12.28,clear sky,TR,2022-06-20 14:10:09
545,Banjar,-8.19,114.9675,76.19,88,17,4.25,few clouds,ID,2022-06-20 14:10:09
546,Nicoya,10.1483,-85.452,76.51,89,100,1.54,overcast clouds,CR,2022-06-20 14:10:10
547,Yuancheng,36.652,107.7896,76.41,43,87,9.98,overcast clouds,CN,2022-06-20 14:10:10
548,Klaksvik,62.2266,-6.589,52.72,95,100,11.99,overcast clouds,FO,2022-06-20 14:10:11
549,Hovd,48.0056,91.6419,70.79,26,20,6.15,few clouds,MN,2022-06-20 14:10:12
550,Biharamulo,-2.6319,31.3089,77.83,37,88,6.93,overcast clouds,TZ,2022-06-20 14:10:13
551,Baruun-Urt,46.6806,113.2792,67.05,40,81,6.46,broken clouds,MN,2022-06-20 14:10:23
552,Coahuayana,18.7333,-103.6833,81.16,67,100,1.43,overcast clouds,MX,2022-06-20 14:10:24
553,Taitung,22.7583,121.1444,84.09,76,97,3.4,overcast clouds,TW,2022-06-20 14:10:24
554,College,64.8569,-147.8028,55.58,91,75,4.61,light rain,US,2022-06-20 14:10:25
555,Emilio Carranza,19.9711,-96.6114,79.84,68,100,8.97,overcast clouds,MX,2022-06-20 14:10:25
556,Ust-Omchug,61.15,149.6333,56.26,87,94,7.92,overcast clouds,RU,2022-06-20 14:10:26
557,Kungurtug,50.5994,97.5228,52.84,72,20,2.04,few clouds,RU,2022-06-20 14:10:27
558,Borovoy,55.4333,86.0833,67.28,68,20,0.0,few clouds,RU,2022-06-20 14:10:27
559,Cockburn Town,21.4612,-71.1419,80.91,76,99,14.29,overcast clouds,TC,2022-06-20 14:08:50
560,Pombas,17.1503,-25.0201,71.82,85,72,12.08,broken clouds,CV,2022-06-20 14:10:29
561,Chernyshevskiy,63.0128,112.4714,52.47,52,6,6.87,clear sky,RU,2022-06-20 14:10:29
562,Hima,0.2958,30.1804,76.71,69,100,1.7,light rain,UG,2022-06-20 14:10:30
563,Ostrovnoy,68.0531,39.5131,40.01,91,100,13.42,overcast clouds,RU,2022-06-20 14:10:31
564,Andenes,69.3143,16.1194,53.58,71,75,8.05,broken clouds,NO,2022-06-20 14:10:31
565,Srandakan,-7.9386,110.2506,78.17,84,45,8.57,scattered clouds,ID,2022-06-20 14:10:32
566,Powell River,49.8496,-124.5361,58.08,84,99,2.04,overcast clouds,CA,2022-06-20 14:10:32
567,Entebbe,0.0644,32.4469,75.52,64,20,16.11,few clouds,UG,2022-06-20 14:10:33
568,Monchegorsk,67.9397,32.8739,47.14,77,99,5.06,overcast clouds,RU,2022-06-20 14:10:34
569,Ilorin,8.5,4.55,82.87,66,99,5.17,overcast clouds,NG,2022-06-20 14:10:35
570,Ucluelet,48.9329,-125.5528,53.1,90,100,3.49,overcast clouds,CA,2022-06-20 14:10:35
571,Aykhal,66.0,111.5,51.21,48,76,5.5,broken clouds,RU,2022-06-20 14:10:36
572,Altay,47.8667,88.1167,65.82,50,7,4.83,clear sky,CN,2022-06-20 14:10:37
573,Verkhnyaya Sinyachikha,57.976,61.6673,66.7,66,87,8.14,overcast clouds,RU,2022-06-20 14:10:37
574,Fort Nelson,58.8053,-122.7002,56.66,76,88,2.39,light rain,CA,2022-06-20 14:10:38
575,Carson City,39.1638,-119.7674,56.16,54,20,0.0,few clouds,US,2022-06-20 14:10:36
576,Darlawn,24.0167,92.9,67.86,99,23,3.13,few clouds,IN,2022-06-20 14:10:39
577,Abha,18.2164,42.5053,77.25,61,40,11.5,scattered clouds,SA,2022-06-20 14:10:40
578,Cape Coast,5.1053,-1.2466,80.28,78,20,8.66,light rain,GH,2022-06-20 14:09:37
579,Doka,13.5167,35.7667,92.95,32,57,9.4,broken clouds,SD,2022-06-20 14:10:41
580,Vanderhoof,54.0166,-124.0198,53.17,67,100,8.25,overcast clouds,CA,2022-06-20 14:06:05
581,Diffa,13.3154,12.6113,103.77,17,16,4.07,few clouds,NE,2022-06-20 14:10:42
582,Port Blair,11.6667,92.75,82.44,83,40,4.61,mist,IN,2022-06-20 14:10:42
583,Shelburne,44.0787,-80.2041,62.11,60,77,6.82,broken clouds,CA,2022-06-20 14:05:54
584,Nome,64.5011,-165.4064,42.87,87,0,0.0,clear sky,US,2022-06-20 14:10:43
585,Kharp,66.8014,65.8081,68.85,57,75,2.71,light rain,RU,2022-06-20 14:10:44
586,Nagorsk,59.3172,50.8078,55.2,95,100,5.93,light rain,RU,2022-06-20 14:10:45
587,Diamantino,-14.4086,-56.4461,84.78,39,1,4.16,clear sky,BR,2022-06-20 14:10:46
588,Nantucket,41.2835,-70.0995,67.01,48,0,5.75,clear sky,US,2022-06-20 14:10:47
589,Grand-Santi,4.25,-54.3833,84.27,64,78,3.91,broken clouds,GF,2022-06-20 14:10:47
590,Zhangye,38.9342,100.4517,59.05,63,100,0.49,overcast clouds,CN,2022-06-20 14:10:48
591,Boa Vista,2.8197,-60.6733,76.98,83,75,5.75,light rain,BR,2022-06-20 14:10:48
592,Buraydah,26.326,43.975,111.18,4,0,17.65,clear sky,SA,2022-06-20 14:10:49
593,Awjilah,29.1081,21.2869,100.0,14,0,9.78,clear sky,LY,2022-06-20 14:10:49
594,Qiryat Shemona,33.2073,35.5721,89.44,45,0,12.73,clear sky,IL,2022-06-20 14:10:50
595,Homer,59.6425,-151.5483,50.04,85,100,1.99,overcast clouds,US,2022-06-20 14:10:50
596,Dongsheng,39.8161,109.9776,77.4,36,100,7.2,light rain,CN,2022-06-20 14:10:51
597,Praia,14.9215,-23.5087,76.06,86,96,8.05,light rain,CV,2022-06-20 14:11:02
598,Roura,4.7263,-52.3274,83.97,74,75,8.05,broken clouds,GF,2022-06-20 14:11:02
599,Sao Miguel Do Araguaia,-13.275,-50.1628,88.32,23,12,10.22,few clouds,BR,2022-06-20 14:11:03
600,Povorino,51.1945,42.2457,84.22,64,0,16.49,clear sky,RU,2022-06-20 14:11:04
601,Yelizovo,53.1873,158.3805,51.12,100,58,4.0,broken clouds,RU,2022-06-20 14:11:04
602,Somotillo,13.0433,-86.9064,80.74,89,99,0.78,overcast clouds,NI,2022-06-20 14:11:05
603,Luau,-10.7073,22.2247,85.78,18,5,2.98,clear sky,AO,2022-06-20 14:11:05
604,Kununurra,-15.7667,128.7333,62.58,63,100,3.44,overcast clouds,AU,2022-06-20 14:11:06
605,Prince Rupert,54.3161,-130.3201,51.89,93,100,6.91,light rain,CA,2022-06-20 14:10:13
606,Beroroha,-21.6667,45.1667,79.9,27,0,1.59,clear sky,MG,2022-06-20 14:11:07
607,Sola,-13.8833,167.55,79.83,75,80,13.22,broken clouds,VU,2022-06-20 14:11:08
608,Singapore,1.2897,103.8501,80.55,85,75,2.3,broken clouds,SG,2022-06-20 14:09:10
609,Gorin,51.1983,136.6669,56.01,90,0,1.34,clear sky,RU,2022-06-20 14:11:09
610,Agadir,30.4202,-9.5982,82.85,58,65,8.1,broken clouds,MA,2022-06-20 14:11:10
611,Sindor,62.8629,51.8905,63.79,48,100,8.61,overcast clouds,RU,2022-06-20 14:11:10
612,Barcelos,41.5388,-8.6151,69.85,65,100,10.07,overcast clouds,PT,2022-06-20 14:11:11
613,Moose Factory,51.2585,-80.6094,70.03,34,98,10.18,overcast clouds,CA,2022-06-20 14:11:11
614,Chapais,49.7834,-74.8492,64.67,33,42,1.1,scattered clouds,CA,2022-06-20 14:11:12
615,Turbat,26.0023,63.044,109.76,9,3,25.19,clear sky,PK,2022-06-20 14:11:12
616,Gigmoto,13.7796,124.39,81.79,80,26,4.05,scattered clouds,PH,2022-06-20 14:11:13
617,Deniliquin,-35.5333,144.9667,54.36,75,100,6.31,light rain,AU,2022-06-20 14:11:14
618,Port-Gentil,-0.7193,8.7815,80.56,65,20,17.27,few clouds,GA,2022-06-20 14:11:15
619,Bereznik,62.8551,42.7072,57.85,80,99,4.88,overcast clouds,RU,2022-06-20 14:11:15
620,Santa Isabel Do Rio Negro,-0.4139,-65.0192,80.2,82,95,2.53,overcast clouds,BR,2022-06-20 14:11:16
621,Ust-Kuyga,70.0167,135.6,35.26,70,30,3.04,scattered clouds,RU,2022-06-20 14:11:16
622,Filadelfia,39.9523,-75.1638,73.0,47,75,6.91,broken clouds,US,2022-06-20 14:11:05
623,Tecoanapa,16.5167,-98.75,79.38,80,93,3.09,overcast clouds,MX,2022-06-20 14:11:17
624,Lebanon,36.2081,-86.2911,77.45,57,12,3.58,few clouds,US,2022-06-20 14:11:17
625,Luanda,-8.8368,13.2343,82.4,51,40,5.75,scattered clouds,AO,2022-06-20 14:11:18
626,Mao,39.8885,4.2658,79.36,83,20,12.66,few clouds,ES,2022-06-20 14:09:44
627,Iranshahr,27.2025,60.6848,108.01,9,1,16.53,clear sky,IR,2022-06-20 14:11:19
628,Oktyabrskoye,43.0645,44.7417,82.54,34,75,13.42,broken clouds,RU,2022-06-20 14:11:19
629,Kalavad,22.2167,70.3833,90.54,55,36,19.89,scattered clouds,IN,2022-06-20 14:11:20
630,Padang,-0.9492,100.3543,80.65,84,98,3.4,heavy intensity rain,ID,2022-06-20 14:11:21
631,La Ronge,55.1001,-105.2842,57.0,89,100,6.8,overcast clouds,CA,2022-06-20 14:11:22
632,Manacapuru,-3.2997,-60.6206,83.25,67,71,2.15,broken clouds,BR,2022-06-20 14:11:22
633,Itaituba,-4.2761,-55.9836,87.24,54,81,3.13,broken clouds,BR,2022-06-20 14:11:23
634,Pastos Bons,-6.6017,-44.0767,87.4,40,0,10.25,clear sky,BR,2022-06-20 14:11:23
635,Papetoai,-17.4961,-149.8729,72.99,72,2,17.22,clear sky,PF,2022-06-20 14:11:24
636,Husavik,66.0449,-17.3389,47.55,78,94,7.61,overcast clouds,IS,2022-06-20 14:11:25
637,Ndele,8.4109,20.6473,89.06,42,97,2.57,light rain,CF,2022-06-20 14:11:26
638,Khetia,21.6667,74.5833,87.08,60,76,18.7,broken clouds,IN,2022-06-20 14:11:27
639,Athabasca,54.7169,-113.2854,54.28,90,86,10.16,overcast clouds,CA,2022-06-20 14:11:27
640,Mandera,3.9366,41.867,89.82,36,76,24.99,broken clouds,KE,2022-06-20 14:11:29
641,Kalanwali,29.85,74.95,93.74,34,45,4.23,scattered clouds,IN,2022-06-20 14:11:29
642,Manaure,11.7751,-72.4445,84.76,60,48,16.93,scattered clouds,CO,2022-06-20 14:11:40
643,Cururupu,-1.8283,-44.8683,87.3,56,25,5.88,scattered clouds,BR,2022-06-20 14:11:40
644,Mildura,-34.2,142.15,54.07,85,100,7.81,overcast clouds,AU,2022-06-20 14:11:41
645,Ibresi,55.2961,47.0394,63.63,58,1,14.38,clear sky,RU,2022-06-20 14:11:42
646,Barentu,15.1139,37.5928,88.99,32,100,15.23,overcast clouds,ER,2022-06-20 14:11:42
647,Berdigestyakh,62.0989,126.6992,53.8,73,100,9.73,overcast clouds,RU,2022-06-20 14:11:43
648,Antalaha,-14.9003,50.2788,73.45,69,17,13.71,few clouds,MG,2022-06-20 14:11:43
649,Moron,-34.6534,-58.6198,53.94,78,67,4.25,broken clouds,AR,2022-06-20 14:11:44
650,Harper,4.375,-7.7169,79.7,79,50,7.74,light rain,LR,2022-06-20 14:11:45
651,Tilichiki,60.4667,166.1,41.88,94,29,3.8,scattered clouds,RU,2022-06-20 14:11:45
652,Oranjemund,-28.55,16.4333,56.55,76,82,14.41,light rain,NA,2022-06-20 14:11:46
653,Ceyhan,37.0247,35.8175,86.34,52,0,14.58,clear sky,TR,2022-06-20 14:11:47
654,Dawei,14.0833,98.2,79.61,86,97,1.14,overcast clouds,MM,2022-06-20 14:11:47
655,Farafangana,-22.8167,47.8333,69.48,75,83,6.6,broken clouds,MG,2022-06-20 14:11:48
656,Vetluga,57.8557,45.781,62.24,52,76,14.83,broken clouds,RU,2022-06-20 14:11:49
657,Darasun,51.6667,114.0,66.25,43,49,10.87,scattered clouds,RU,2022-06-20 14:11:49
658,Ust-Uda,54.1742,103.0304,59.4,81,40,2.86,scattered clouds,RU,2022-06-20 14:11:50
659,Antofagasta,-23.65,-70.4,56.48,68,26,1.21,scattered clouds,CL,2022-06-20 14:09:29
660,Verkhnechusovskiye Gorodki,58.1671,57.1086,56.05,98,100,8.12,light rain,RU,2022-06-20 14:11:51
661,Dubbo,-32.25,148.6167,48.33,87,100,10.36,overcast clouds,AU,2022-06-20 14:10:29
662,Voh,-20.9667,164.7,64.26,74,65,1.57,broken clouds,NC,2022-06-20 14:08:56
663,Fallbrook,33.3764,-117.2512,75.13,54,0,1.01,clear sky,US,2022-06-20 14:07:21
664,Biga,40.2281,27.2422,79.57,47,4,6.93,clear sky,TR,2022-06-20 14:11:53
665,Baltiysk,54.6538,19.911,54.05,88,100,7.49,overcast clouds,RU,2022-06-20 14:11:54
666,Kloulklubed,7.0419,134.2556,82.98,73,56,5.12,moderate rain,PW,2022-06-20 14:11:54
667,Broken Hill,-31.95,141.4333,55.18,48,93,9.78,overcast clouds,AU,2022-06-20 14:11:55
668,Zhanaozen,43.3,52.8,89.96,17,0,13.47,clear sky,KZ,2022-06-20 14:11:55
669,Lhokseumawe,5.1801,97.1507,80.01,81,100,4.54,light rain,ID,2022-06-20 14:11:56
670,Buzmeyin,38.0507,58.2056,90.32,15,2,19.46,clear sky,TM,2022-06-20 14:10:18
671,Worland,44.0169,-107.9554,58.68,74,0,5.75,clear sky,US,2022-06-20 14:11:57
672,Coos Bay,43.3665,-124.2179,54.99,97,0,3.44,clear sky,US,2022-06-20 14:11:57
673,Vuktyl,63.8567,57.3094,68.16,48,99,4.63,overcast clouds,RU,2022-06-20 14:11:58
674,Jiazi,22.8779,116.067,80.4,92,100,7.83,overcast clouds,CN,2022-06-20 14:11:58
675,Yaan,7.3833,8.5667,86.79,56,88,5.39,overcast clouds,NG,2022-06-20 14:11:59
676,Shubarshi,48.5872,57.1869,76.78,37,98,9.01,overcast clouds,KZ,2022-06-20 14:12:00
677,Gisborne,-38.6533,178.0042,49.71,75,100,16.78,overcast clouds,NZ,2022-06-20 14:12:01
678,Kulhudhuffushi,6.6221,73.07,82.6,75,100,16.4,overcast clouds,MV,2022-06-20 14:12:01
679,Ternate,0.8,127.4,80.85,76,33,3.38,scattered clouds,ID,2022-06-20 14:12:02
680,Vitim,59.4511,112.5578,53.28,97,100,8.52,light rain,RU,2022-06-20 14:12:03
681,Savinka,50.0785,47.0994,85.98,41,0,17.6,clear sky,RU,2022-06-20 14:12:03
682,Acatlan,20.15,-98.45,56.98,72,73,3.98,broken clouds,MX,2022-06-20 14:12:04
683,Thessalon,46.2501,-83.5666,52.09,92,100,9.71,moderate rain,CA,2022-06-20 14:10:59
684,Tautira,-17.7333,-149.15,78.76,77,37,16.33,scattered clouds,PF,2022-06-20 14:12:06
685,Keetmanshoop,-26.5833,18.1333,64.11,34,45,17.25,scattered clouds,NA,2022-06-20 14:12:07
686,Faya,18.3851,42.4509,77.52,52,89,13.13,overcast clouds,SA,2022-06-20 14:12:08
687,Atar,20.5169,-13.0499,76.15,86,100,2.66,light rain,MR,2022-06-20 14:12:08
688,Pimentel,-6.8367,-79.9342,64.69,77,75,6.91,broken clouds,PE,2022-06-20 14:12:09
689,Nuuk,64.1835,-51.7216,41.61,87,100,34.52,light rain,GL,2022-06-20 14:12:19
690,Kusti,13.1629,32.6635,96.08,29,93,11.77,overcast clouds,SD,2022-06-20 14:12:20
691,Kastamonu,41.5,33.6667,77.29,40,0,6.15,clear sky,TR,2022-06-20 14:12:20
692,Auki,-8.7676,160.7034,76.26,88,100,3.98,overcast clouds,SB,2022-06-20 14:12:21
693,Bijie,27.3125,105.2942,67.53,93,100,2.13,overcast clouds,CN,2022-06-20 14:12:21
694,Luderitz,-26.6481,15.1594,56.1,73,79,1.72,broken clouds,NA,2022-06-20 14:12:22
695,Hami,42.8,93.45,85.1,17,100,8.3,overcast clouds,CN,2022-06-20 14:12:23
696,Virginia Beach,36.8529,-75.978,76.05,43,40,10.36,scattered clouds,US,2022-06-20 14:09:05
697,Lasa,46.6166,10.7002,83.7,50,65,0.38,broken clouds,IT,2022-06-20 14:12:24
698,Beringovskiy,63.05,179.3167,44.38,92,100,10.65,overcast clouds,RU,2022-06-20 14:12:25
699,Naerbo,58.6667,5.65,64.98,72,0,16.28,clear sky,NO,2022-06-20 14:12:25
700,Bowen,-20.0167,148.2333,65.52,85,27,10.02,scattered clouds,AU,2022-06-20 14:12:26
701,Saint-Francois,46.4154,3.9054,91.67,29,0,4.61,clear sky,FR,2022-06-20 14:12:26
702,Koslan,63.4564,48.8989,65.05,36,91,8.21,overcast clouds,RU,2022-06-20 14:12:27
703,Nizwa,22.9333,57.5333,107.76,8,72,9.82,broken clouds,OM,2022-06-20 14:12:29
704,Vila Do Maio,15.1333,-23.2167,75.43,89,86,6.96,light rain,CV,2022-06-20 14:12:29
705,Ozorkow,51.9634,19.2914,66.34,92,100,10.36,overcast clouds,PL,2022-06-20 14:12:30
706,Colesberg,-30.72,25.0972,61.11,40,11,12.8,few clouds,ZA,2022-06-20 14:12:30
707,Gao,16.6362,1.637,103.64,15,26,6.62,scattered clouds,ML,2022-06-20 14:12:31
708,Jiexiu,37.0244,111.9125,82.63,32,99,7.87,overcast clouds,CN,2022-06-20 14:12:31
709,Mayya,61.7333,130.2811,70.92,69,100,5.75,overcast clouds,RU,2022-06-20 14:12:32
